-- phpMyAdmin SQL Dump
-- version 5.2.1
-- https://www.phpmyadmin.net/
--
-- Servidor: 127.0.0.1
-- Tiempo de generación: 11-02-2026 a las 08:06:11
-- Versión del servidor: 10.4.32-MariaDB
-- Versión de PHP: 8.1.25

SET SQL_MODE = "NO_AUTO_VALUE_ON_ZERO";
START TRANSACTION;
SET time_zone = "+00:00";


/*!40101 SET @OLD_CHARACTER_SET_CLIENT=@@CHARACTER_SET_CLIENT */;
/*!40101 SET @OLD_CHARACTER_SET_RESULTS=@@CHARACTER_SET_RESULTS */;
/*!40101 SET @OLD_COLLATION_CONNECTION=@@COLLATION_CONNECTION */;
/*!40101 SET NAMES utf8mb4 */;

--
-- Base de datos: `redim`
--

-- --------------------------------------------------------

--
-- Estructura de tabla para la tabla `centers`
--

CREATE TABLE `centers` (
  `id` int(11) NOT NULL,
  `state_id` int(11) NOT NULL,
  `name` varchar(250) NOT NULL,
  `locate` varchar(25) NOT NULL,
  `status` int(1) NOT NULL
) ENGINE=InnoDB DEFAULT CHARSET=utf8mb4 COLLATE=utf8mb4_general_ci;

--
-- Volcado de datos para la tabla `centers`
--

INSERT INTO `centers` (`id`, `state_id`, `name`, `locate`, `status`) VALUES
(1, 1, 'CENTRO PENITENCIARIO ESTATAL AGUASCALIENTES', '', 1),
(2, 1, 'CENTRO PENITENCIARIO ESTATAL EL LLANO', '', 1),
(3, 1, 'CENTRO PENITENCIARIO ESTATAL DE MUJERES', '', 1),
(4, 1, 'CENTRO ESTATAL PARA EL DESARROLLO DEL ADOLESCENTE', '', 1),
(5, 2, 'CERESO MEXICALI', '', 1),
(6, 2, 'CERESO TIJUANA', '', 1),
(7, 2, 'CERESO ENSENADA', '', 1),
(8, 2, 'CERESO EL HONGO', '', 1),
(9, 2, 'CERESO EL HONGO II', '', 1),
(10, 2, 'CIA MEXICALI', '', 1),
(11, 2, 'CIA TIJUANA', '', 1),
(12, 2, 'CIA ENSENADA', '', 1),
(13, 2, 'CENTRO DE INTERNAMIENTO PARA ADOLESCENTES MEXICALI', '', 1),
(14, 2, 'CENTRO DE INTERNAMIENTO PARA ADOLESCENTES ENSENADA', '', 1),
(15, 2, 'CENTRO DE INTERNAMIENTO PARA ADOLESCENTES TIJUANA', '', 1),
(16, 3, 'CENTRO PENITENCIARIO LA PAZ', '', 1),
(17, 3, 'CENTRO PENITENCIARIO SAN JOSE DEL CABO', '', 1),
(18, 3, 'CENTRO PENITENCIARIO CIUDAD CONSTITUCION', '', 1),
(19, 3, 'CENTRO PENITENCIARIO SANTA ROSALIA', '', 1),
(20, 3, 'CENTRO DE INTERNAMIENTO ESPECIALIZADO PARA ADOLESCENTES', '', 1);

-- --------------------------------------------------------

--
-- Estructura de tabla para la tabla `countries`
--

CREATE TABLE `countries` (
  `id` int(11) NOT NULL,
  `name` varchar(50) NOT NULL,
  `iso_code` varchar(3) NOT NULL,
  `demonym` varchar(50) NOT NULL,
  `status` int(1) NOT NULL
) ENGINE=InnoDB DEFAULT CHARSET=utf8mb4 COLLATE=utf8mb4_general_ci;

--
-- Volcado de datos para la tabla `countries`
--

INSERT INTO `countries` (`id`, `name`, `iso_code`, `demonym`, `status`) VALUES
(1, 'México', 'MEX', 'Mexicanos', 1),
(2, 'Estados Unidos', 'USA', 'Estadounidenses', 1),
(3, 'Canadá', 'CAN', 'Canadienses', 1),
(4, 'Belice', 'BLZ', 'Beliceños', 1),
(5, 'Costa Rica', 'CRI', 'Costarricenses', 1),
(6, 'El Salvador', 'SLV', 'Salvadoreños', 1),
(7, 'Guatemala', 'GTM', 'Guatemaltecos', 1),
(8, 'Honduras', 'HND', 'Hondureños', 1),
(9, 'Nicaragua', 'NIC', 'Nicaragüenses', 1),
(10, 'Panamá', 'PAN', 'Panameños', 1),
(11, 'Antigua y Barbuda', 'ATG', 'Antiguanos', 1),
(12, 'Bahamas', 'BHS', 'Bahameños', 1),
(13, 'Barbados', 'BRB', 'Barbadenses', 1),
(14, 'Cuba', 'CUB', 'Cubanos', 1),
(15, 'Dominica', 'DMA', 'Dominiqueses', 1),
(16, 'República Dominicana', 'DOM', 'Dominicanos', 1),
(17, 'Granada', 'GRD', 'Granadinos', 1),
(18, 'Haití', 'HTI', 'Haitianos', 1),
(19, 'Jamaica', 'JAM', 'Jamaiquinos', 1),
(20, 'San Cristóbal y Nieves', 'KNA', 'Sancristobaleños', 1),
(21, 'San Vicente y las Granadinas', 'VCT', 'Sanvicentinos', 1),
(22, 'Santa Lucía', 'LCA', 'Santalucenses', 1),
(23, 'Trinidad y Tobago', 'TTO', 'Trinitenses', 1),
(24, 'Argentina', 'ARG', 'Argentinos', 1),
(25, 'Bolivia', 'BOL', 'Bolivianos', 1),
(26, 'Brasil', 'BRA', 'Brasileños', 1),
(27, 'Chile', 'CHL', 'Chilenos', 1),
(28, 'Colombia', 'COL', 'Colombianos', 1),
(29, 'Ecuador', 'ECU', 'Ecuatorianos', 1),
(30, 'Guyana', 'GUY', 'Guyaneses', 1),
(31, 'Paraguay', 'PRY', 'Paraguayos', 1),
(32, 'Perú', 'PER', 'Peruanos', 1),
(33, 'Surinam', 'SUR', 'Surinameses', 1),
(34, 'Uruguay', 'URY', 'Uruguayos', 1),
(35, 'Venezuela', 'VEN', 'Venezolanos', 1);

-- --------------------------------------------------------

--
-- Estructura de tabla para la tabla `genders`
--

CREATE TABLE `genders` (
  `id` int(11) NOT NULL,
  `name` varchar(50) NOT NULL,
  `status` int(1) NOT NULL
) ENGINE=InnoDB DEFAULT CHARSET=utf8mb4 COLLATE=utf8mb4_general_ci;

--
-- Volcado de datos para la tabla `genders`
--

INSERT INTO `genders` (`id`, `name`, `status`) VALUES
(1, 'Mujer', 1),
(2, 'Hombre', 1),
(3, 'No especificado', 1),
(4, 'No identificado', 1),
(5, 'Otro', 1);

-- --------------------------------------------------------

--
-- Estructura de tabla para la tabla `indicators`
--

CREATE TABLE `indicators` (
  `id` int(11) NOT NULL,
  `name` varchar(250) NOT NULL,
  `team` int(1) NOT NULL,
  `map` int(1) NOT NULL,
  `status` int(1) NOT NULL
) ENGINE=InnoDB DEFAULT CHARSET=utf8mb4 COLLATE=utf8mb4_general_ci;

--
-- Volcado de datos para la tabla `indicators`
--

INSERT INTO `indicators` (`id`, `name`, `team`, `map`, `status`) VALUES
(1, 'Aborto', 1, 1, 1),
(2, 'Abuso de confianza y falsedad', 1, 1, 1),
(3, 'Otros delitos sexuales', 1, 1, 1),
(4, 'Delitos de delincuencia organizada y tipificados en Convención de Palermo', 1, 1, 1),
(5, 'Allanamiento de morada', 1, 1, 1),
(6, 'Amenazas', 1, 1, 1),
(7, 'Otros delitos asociados a la delincuencia organizada', 1, 1, 1),
(8, 'Corrupción de niñez, adolescencia y personas con discapacidad', 1, 1, 1),
(9, 'Delitos bancarios y financieros', 1, 1, 1);

-- --------------------------------------------------------

--
-- Estructura de tabla para la tabla `indicator_categories`
--

CREATE TABLE `indicator_categories` (
  `id` int(11) NOT NULL,
  `indicator_id` int(11) NOT NULL,
  `parent_id` int(11) DEFAULT NULL,
  `name` varchar(255) NOT NULL,
  `level` int(11) NOT NULL,
  `sort_order` int(11) DEFAULT 0,
  `status` tinyint(4) DEFAULT 1,
  `center_id` int(11) DEFAULT NULL,
  `created_at` datetime DEFAULT NULL
) ENGINE=InnoDB DEFAULT CHARSET=utf8mb4 COLLATE=utf8mb4_general_ci;

--
-- Volcado de datos para la tabla `indicator_categories`
--

INSERT INTO `indicator_categories` (`id`, `indicator_id`, `parent_id`, `name`, `level`, `sort_order`, `status`, `center_id`, `created_at`) VALUES
(1, 1, NULL, 'Aborto', 0, 0, 1, 1, '2026-02-01 00:00:00'),
(2, 2, NULL, 'Abuso de confianza', 0, 0, 1, 1, '2026-02-01 00:00:00'),
(3, 2, NULL, 'Falsedad', 0, 0, 1, 1, '2026-02-01 00:00:00'),
(4, 3, NULL, 'Abuso, acoso y hostigamiento sexual', 0, 0, 1, 1, '2026-02-01 00:00:00'),
(5, 3, 4, 'Abuso sexual', 1, 0, 1, 1, '2026-02-01 00:00:00'),
(6, 3, 4, 'Acoso sexual', 1, 0, 1, 1, '2026-02-01 00:00:00'),
(7, 3, 4, 'Hostigamiento sexual', 1, 0, 1, NULL, '2026-02-01 00:00:00'),
(8, 3, NULL, 'Incesto', 0, 0, 1, NULL, '2026-02-01 00:00:00'),
(9, 3, NULL, 'Otros delitos sexuales', 0, 0, 1, NULL, '2026-02-01 00:00:00'),
(10, 3, 9, 'Contra la Libertad y el Normal Desarrollo Psicosexual', 1, 0, 1, NULL, '2026-02-01 00:00:00'),
(11, 3, 9, 'Delitos Contra la Libertad y el Normal Desarrollo Psicosexual', 1, 0, 1, NULL, '2026-02-01 00:00:00'),
(12, 3, 9, 'La libertad y la seguridad sexual', 1, 0, 1, NULL, '2026-02-01 00:00:00');

-- --------------------------------------------------------

--
-- Estructura de tabla para la tabla `indicator_categories_v1`
--

CREATE TABLE `indicator_categories_v1` (
  `id` int(11) NOT NULL,
  `indicator_id` int(11) NOT NULL,
  `name` varchar(250) NOT NULL,
  `status` int(1) NOT NULL
) ENGINE=InnoDB DEFAULT CHARSET=utf8mb4 COLLATE=utf8mb4_general_ci;

--
-- Volcado de datos para la tabla `indicator_categories_v1`
--

INSERT INTO `indicator_categories_v1` (`id`, `indicator_id`, `name`, `status`) VALUES
(1, 1, 'Aborto', 1),
(2, 1, 'Abuso de autoridad', 1),
(3, 1, 'Abuso de confianza', 1),
(4, 1, 'Abuso sexual', 1),
(5, 1, 'Acceso ilícito a sistemas o equipos informáticos', 1),
(6, 1, 'Acopio ilícito de armas', 1),
(7, 1, 'Acoso sexual', 1),
(8, 1, 'Allanamiento de morada', 1),
(9, 1, 'Amenazas', 1),
(10, 1, 'Aprovechamiento de hidrocarburos y sus derivados', 1),
(11, 1, 'Armas y objetos prohibidos', 1),
(12, 1, 'Asociación delictuosa', 1),
(13, 9, 'Con adicción  a sustancias psicoactivas', 1),
(14, 9, 'Con discapacidad', 1),
(15, 9, 'Indefinido', 1),
(16, 9, 'Pertenece a pueblo indígena', 1),
(17, 9, 'No identificado', 1);

-- --------------------------------------------------------

--
-- Estructura de tabla para la tabla `indicator_category_details`
--

CREATE TABLE `indicator_category_details` (
  `id` int(11) NOT NULL,
  `category_id` int(11) NOT NULL,
  `year_id` int(11) NOT NULL,
  `gender_id` int(11) NOT NULL,
  `center_id` int(11) DEFAULT NULL,
  `state_id` int(11) NOT NULL,
  `PI` int(4) NOT NULL COMMENT 'Población Internada',
  `PS` int(4) NOT NULL COMMENT 'Población Señalada',
  `status` int(1) NOT NULL
) ENGINE=InnoDB DEFAULT CHARSET=utf8mb4 COLLATE=utf8mb4_general_ci;

--
-- Volcado de datos para la tabla `indicator_category_details`
--

INSERT INTO `indicator_category_details` (`id`, `category_id`, `year_id`, `gender_id`, `center_id`, `state_id`, `PI`, `PS`, `status`) VALUES
(1, 1, 14, 1, NULL, 1, 0, 0, 1),
(2, 1, 14, 1, NULL, 2, 0, 0, 1),
(3, 1, 14, 1, NULL, 3, 0, 0, 1),
(4, 1, 14, 1, NULL, 4, 0, 0, 1),
(5, 1, 14, 1, NULL, 8, 0, 0, 1),
(6, 1, 14, 1, NULL, 9, 0, 0, 1),
(7, 1, 14, 1, NULL, 5, 0, 0, 1),
(8, 1, 14, 1, NULL, 6, 0, 0, 1),
(9, 1, 14, 1, NULL, 7, 0, 0, 1),
(10, 1, 14, 1, NULL, 10, 0, 0, 1),
(11, 1, 14, 1, NULL, 11, 0, 0, 1),
(12, 1, 14, 1, NULL, 12, 0, 0, 1),
(13, 1, 14, 1, NULL, 13, 0, 0, 1),
(14, 1, 14, 1, NULL, 14, 0, 0, 1),
(15, 1, 14, 1, NULL, 15, 0, 0, 1),
(16, 1, 14, 1, NULL, 16, 0, 0, 1),
(17, 1, 14, 1, NULL, 17, 0, 0, 1),
(18, 1, 14, 1, NULL, 18, 0, 0, 1),
(19, 1, 14, 1, NULL, 19, 0, 0, 1),
(20, 1, 14, 1, NULL, 20, 1, 0, 1),
(21, 1, 14, 1, NULL, 21, 0, 0, 1),
(22, 1, 14, 1, NULL, 22, 0, 0, 1),
(23, 1, 14, 1, NULL, 23, 2, 0, 1),
(24, 1, 14, 1, NULL, 24, 1, 0, 1),
(25, 1, 14, 1, NULL, 25, 0, 0, 1),
(26, 1, 14, 1, NULL, 26, 0, 0, 1),
(27, 1, 14, 1, NULL, 27, 1, 0, 1),
(28, 1, 14, 1, NULL, 28, 0, 0, 1),
(29, 1, 14, 1, NULL, 29, 0, 0, 1),
(30, 1, 14, 1, NULL, 30, 2, 0, 1),
(31, 1, 14, 1, NULL, 31, 0, 0, 1),
(32, 1, 14, 1, NULL, 32, 0, 0, 1),
(33, 1, 14, 2, NULL, 1, 0, 0, 1),
(34, 1, 14, 2, NULL, 2, 1, 0, 1),
(35, 1, 14, 2, NULL, 3, 0, 0, 1),
(36, 1, 14, 2, NULL, 4, 0, 0, 1),
(37, 1, 14, 2, NULL, 8, 0, 0, 1),
(38, 1, 14, 2, NULL, 9, 0, 0, 1),
(39, 1, 14, 2, NULL, 5, 0, 0, 1),
(40, 1, 14, 2, NULL, 6, 0, 0, 1),
(41, 1, 14, 2, NULL, 7, 3, 0, 1),
(42, 1, 14, 2, NULL, 10, 0, 0, 1),
(43, 1, 14, 2, NULL, 11, 0, 0, 1),
(44, 1, 14, 2, NULL, 12, 0, 0, 1),
(45, 1, 14, 2, NULL, 13, 0, 0, 1),
(46, 1, 14, 2, NULL, 14, 0, 0, 1),
(47, 1, 14, 2, NULL, 15, 6, 0, 1),
(48, 1, 14, 2, NULL, 16, 0, 0, 1),
(49, 1, 14, 2, NULL, 17, 0, 0, 1),
(50, 1, 14, 2, NULL, 18, 0, 0, 1),
(51, 1, 14, 2, NULL, 19, 0, 0, 1),
(52, 1, 14, 2, NULL, 20, 0, 0, 1),
(53, 1, 14, 2, NULL, 21, 0, 0, 1),
(54, 1, 14, 2, NULL, 22, 0, 0, 1),
(55, 1, 14, 2, NULL, 23, 0, 0, 1),
(56, 1, 14, 2, NULL, 24, 0, 0, 1),
(57, 1, 14, 2, NULL, 25, 0, 0, 1),
(58, 1, 14, 2, NULL, 26, 1, 0, 1),
(59, 1, 14, 2, NULL, 27, 0, 0, 1),
(60, 1, 14, 2, NULL, 28, 0, 0, 1),
(61, 1, 14, 2, NULL, 29, 0, 0, 1),
(62, 1, 14, 2, NULL, 30, 4, 0, 1),
(63, 1, 14, 2, NULL, 31, 0, 0, 1),
(64, 1, 14, 2, NULL, 32, 2, 0, 1),
(65, 1, 15, 1, NULL, 1, 0, 0, 1),
(66, 1, 15, 1, NULL, 2, 0, 0, 1),
(67, 1, 15, 1, NULL, 3, 0, 0, 1),
(68, 1, 15, 1, NULL, 4, 0, 0, 1),
(69, 1, 15, 1, NULL, 8, 0, 0, 1),
(70, 1, 15, 1, NULL, 9, 0, 0, 1),
(71, 1, 15, 1, NULL, 5, 0, 0, 1),
(72, 1, 15, 1, NULL, 6, 0, 1, 1),
(73, 1, 15, 1, NULL, 7, 3, 0, 1),
(74, 1, 15, 1, NULL, 10, 0, 0, 1),
(75, 1, 15, 1, NULL, 11, 0, 0, 1),
(76, 1, 15, 1, NULL, 12, 0, 0, 1),
(77, 1, 15, 1, NULL, 13, 0, 0, 1),
(78, 1, 15, 1, NULL, 14, 0, 0, 1),
(79, 1, 15, 1, NULL, 15, 0, 0, 1),
(80, 1, 15, 1, NULL, 16, 0, 0, 1),
(81, 1, 15, 1, NULL, 17, 0, 0, 1),
(82, 1, 15, 1, NULL, 18, 1, 0, 1),
(83, 1, 15, 1, NULL, 19, 0, 0, 1),
(84, 1, 15, 1, NULL, 20, 1, 0, 1),
(85, 1, 15, 1, NULL, 21, 0, 0, 1),
(86, 1, 15, 1, NULL, 22, 0, 0, 1),
(87, 1, 15, 1, NULL, 23, 0, 0, 1),
(88, 1, 15, 1, NULL, 24, 1, 0, 1),
(89, 1, 15, 1, NULL, 25, 8, 0, 1),
(90, 1, 15, 1, NULL, 26, 0, 0, 1),
(91, 1, 15, 1, NULL, 27, 0, 0, 1),
(92, 1, 15, 1, NULL, 28, 0, 0, 1),
(93, 1, 15, 1, NULL, 29, 0, 0, 1),
(94, 1, 15, 1, NULL, 30, 1, 0, 1),
(95, 1, 15, 1, NULL, 31, 0, 0, 1),
(96, 1, 15, 1, NULL, 32, 0, 0, 1),
(97, 1, 15, 2, NULL, 1, 0, 0, 1),
(98, 1, 15, 2, NULL, 2, 1, 0, 1),
(99, 1, 15, 2, NULL, 3, 0, 0, 1),
(100, 1, 15, 2, NULL, 4, 0, 0, 1),
(101, 1, 15, 2, NULL, 8, 0, 0, 1),
(102, 1, 15, 2, NULL, 9, 0, 0, 1),
(103, 1, 15, 2, NULL, 5, 5, 0, 1),
(104, 1, 15, 2, NULL, 6, 0, 0, 1),
(105, 1, 15, 2, NULL, 7, 8, 0, 1),
(106, 1, 15, 2, NULL, 10, 0, 0, 1),
(107, 1, 15, 2, NULL, 11, 0, 0, 1),
(108, 1, 15, 2, NULL, 12, 0, 0, 1),
(109, 1, 15, 2, NULL, 13, 4, 0, 1),
(110, 1, 15, 2, NULL, 14, 2, 0, 1),
(111, 1, 15, 2, NULL, 15, 1, 0, 1),
(112, 1, 15, 2, NULL, 16, 0, 0, 1),
(113, 1, 15, 2, NULL, 17, 0, 0, 1),
(114, 1, 15, 2, NULL, 18, 0, 0, 1),
(115, 1, 15, 2, NULL, 19, 0, 0, 1),
(116, 1, 15, 2, NULL, 20, 1, 0, 1),
(117, 1, 15, 2, NULL, 21, 0, 0, 1),
(118, 1, 15, 2, NULL, 22, 1, 0, 1),
(119, 1, 15, 2, NULL, 23, 0, 0, 1),
(120, 1, 15, 2, NULL, 24, 1, 1, 1),
(121, 1, 15, 2, NULL, 25, 0, 0, 1),
(122, 1, 15, 2, NULL, 26, 1, 0, 1),
(123, 1, 15, 2, NULL, 27, 0, 0, 1),
(124, 1, 15, 2, NULL, 28, 4, 0, 1),
(125, 1, 15, 2, NULL, 29, 0, 0, 1),
(126, 1, 15, 2, NULL, 30, 3, 0, 1),
(127, 1, 15, 2, NULL, 31, 0, 0, 1),
(128, 1, 15, 2, NULL, 32, 0, 0, 1),
(129, 1, 16, 1, NULL, 1, 0, 0, 1),
(130, 1, 16, 1, NULL, 2, 0, 0, 1),
(131, 1, 16, 1, NULL, 3, 0, 0, 1),
(132, 1, 16, 1, NULL, 4, 0, 0, 1),
(133, 1, 16, 1, NULL, 5, 0, 0, 1),
(134, 1, 16, 1, NULL, 6, 0, 0, 1),
(135, 1, 16, 1, NULL, 7, 3, 0, 1),
(136, 1, 16, 1, NULL, 8, 0, 0, 1),
(137, 1, 16, 1, NULL, 9, 1, 0, 1),
(138, 1, 16, 1, NULL, 10, 0, 0, 1),
(139, 1, 16, 1, NULL, 11, 0, 0, 1),
(140, 1, 16, 1, NULL, 12, 0, 0, 1),
(141, 1, 16, 1, NULL, 13, 0, 0, 1),
(142, 1, 16, 1, NULL, 14, 0, 0, 1),
(143, 1, 16, 1, NULL, 15, 3, 0, 1),
(144, 1, 16, 1, NULL, 16, 0, 0, 1),
(145, 1, 16, 1, NULL, 17, 0, 0, 1),
(146, 1, 16, 1, NULL, 18, 0, 0, 1),
(147, 1, 16, 1, NULL, 19, 0, 0, 1),
(148, 1, 16, 1, NULL, 20, 0, 0, 1),
(149, 1, 16, 1, NULL, 21, 0, 0, 1),
(150, 1, 16, 1, NULL, 22, 0, 0, 1),
(151, 1, 16, 1, NULL, 23, 0, 0, 1),
(152, 1, 16, 1, NULL, 24, 0, 0, 1),
(153, 1, 16, 1, NULL, 25, 2, 0, 1),
(154, 1, 16, 1, NULL, 26, 0, 0, 1),
(155, 1, 16, 1, NULL, 27, 0, 0, 1),
(156, 1, 16, 1, NULL, 28, 0, 0, 1),
(157, 1, 16, 1, NULL, 29, 0, 0, 1),
(158, 1, 16, 1, NULL, 30, 1, 0, 1),
(159, 1, 16, 1, NULL, 31, 0, 0, 1),
(160, 1, 16, 1, NULL, 32, 0, 0, 1),
(161, 1, 16, 2, NULL, 1, 2, 0, 1),
(162, 1, 16, 2, NULL, 2, 3, 0, 1),
(163, 1, 16, 2, NULL, 3, 0, 0, 1),
(164, 1, 16, 2, NULL, 4, 0, 0, 1),
(165, 1, 16, 2, NULL, 5, 0, 0, 1),
(166, 1, 16, 2, NULL, 6, 1, 0, 1),
(167, 1, 16, 2, NULL, 7, 10, 0, 1),
(168, 1, 16, 2, NULL, 8, 1, 0, 1),
(169, 1, 16, 2, NULL, 9, 0, 0, 1),
(170, 1, 16, 2, NULL, 10, 0, 0, 1),
(171, 1, 16, 2, NULL, 11, 1, 0, 1),
(172, 1, 16, 2, NULL, 12, 0, 0, 1),
(173, 1, 16, 2, NULL, 13, 4, 2, 1),
(174, 1, 16, 2, NULL, 14, 2, 0, 1),
(175, 1, 16, 2, NULL, 15, 4, 0, 1),
(176, 1, 16, 2, NULL, 16, 0, 0, 1),
(177, 1, 16, 2, NULL, 17, 0, 0, 1),
(178, 1, 16, 2, NULL, 18, 0, 0, 1),
(179, 1, 16, 2, NULL, 19, 0, 0, 1),
(180, 1, 16, 2, NULL, 20, 6, 0, 1),
(181, 1, 16, 2, NULL, 21, 1, 0, 1),
(182, 1, 16, 2, NULL, 22, 0, 0, 1),
(183, 1, 16, 2, NULL, 23, 0, 0, 1),
(184, 1, 16, 2, NULL, 24, 1, 0, 1),
(185, 1, 16, 2, NULL, 25, 0, 0, 1),
(186, 1, 16, 2, NULL, 26, 4, 0, 1),
(187, 1, 16, 2, NULL, 27, 0, 0, 1),
(188, 1, 16, 2, NULL, 28, 4, 0, 1),
(189, 1, 16, 2, NULL, 29, 0, 0, 1),
(190, 1, 16, 2, NULL, 30, 1, 0, 1),
(191, 1, 16, 2, NULL, 31, 0, 0, 1),
(192, 1, 16, 2, NULL, 32, 0, 0, 1),
(193, 1, 17, 1, NULL, 1, 0, 0, 1),
(194, 1, 17, 1, NULL, 2, 0, 0, 1),
(195, 1, 17, 1, NULL, 3, 0, 0, 1),
(196, 1, 17, 1, NULL, 4, 0, 0, 1),
(197, 1, 17, 1, NULL, 5, 0, 0, 1),
(198, 1, 17, 1, NULL, 6, 0, 0, 1),
(199, 1, 17, 1, NULL, 7, 2, 0, 1),
(200, 1, 17, 1, NULL, 8, 0, 0, 1),
(201, 1, 17, 1, NULL, 9, 0, 0, 1),
(202, 1, 17, 1, NULL, 10, 2, 0, 1),
(203, 1, 17, 1, NULL, 11, 0, 0, 1),
(204, 1, 17, 1, NULL, 12, 0, 0, 1),
(205, 1, 17, 1, NULL, 13, 0, 0, 1),
(206, 1, 17, 1, NULL, 14, 0, 0, 1),
(207, 1, 17, 1, NULL, 15, 11, 0, 1),
(208, 1, 17, 1, NULL, 16, 0, 0, 1),
(209, 1, 17, 1, NULL, 17, 0, 0, 1),
(210, 1, 17, 1, NULL, 18, 0, 0, 1),
(211, 1, 17, 1, NULL, 19, 0, 0, 1),
(212, 1, 17, 1, NULL, 20, 0, 0, 1),
(213, 1, 17, 1, NULL, 21, 0, 0, 1),
(214, 1, 17, 1, NULL, 22, 0, 0, 1),
(215, 1, 17, 1, NULL, 23, 0, 0, 1),
(216, 1, 17, 1, NULL, 24, 0, 0, 1),
(217, 1, 17, 1, NULL, 25, 1, 0, 1),
(218, 1, 17, 1, NULL, 26, 0, 0, 1),
(219, 1, 17, 1, NULL, 27, 0, 0, 1),
(220, 1, 17, 1, NULL, 28, 0, 0, 1),
(221, 1, 17, 1, NULL, 29, 0, 0, 1),
(222, 1, 17, 1, NULL, 30, 1, 0, 1),
(223, 1, 17, 1, NULL, 31, 0, 0, 1),
(224, 1, 17, 1, NULL, 32, 0, 0, 1),
(225, 1, 17, 2, NULL, 1, 1, 0, 1),
(226, 1, 17, 2, NULL, 2, 0, 0, 1),
(227, 1, 17, 2, NULL, 3, 0, 0, 1),
(228, 1, 17, 2, NULL, 4, 0, 0, 1),
(229, 1, 17, 2, NULL, 5, 0, 0, 1),
(230, 1, 17, 2, NULL, 6, 0, 0, 1),
(231, 1, 17, 2, NULL, 7, 10, 0, 1),
(232, 1, 17, 2, NULL, 8, 0, 0, 1),
(233, 1, 17, 2, NULL, 9, 0, 0, 1),
(234, 1, 17, 2, NULL, 10, 0, 0, 1),
(235, 1, 17, 2, NULL, 11, 1, 0, 1),
(236, 1, 17, 2, NULL, 12, 0, 0, 1),
(237, 1, 17, 2, NULL, 13, 2, 0, 1),
(238, 1, 17, 2, NULL, 14, 3, 0, 1),
(239, 1, 17, 2, NULL, 15, 88, 0, 1),
(240, 1, 17, 2, NULL, 16, 0, 0, 1),
(241, 1, 17, 2, NULL, 17, 0, 0, 1),
(242, 1, 17, 2, NULL, 18, 0, 0, 1),
(243, 1, 17, 2, NULL, 19, 0, 0, 1),
(244, 1, 17, 2, NULL, 20, 0, 0, 1),
(245, 1, 17, 2, NULL, 21, 2, 0, 1),
(246, 1, 17, 2, NULL, 22, 1, 0, 1),
(247, 1, 17, 2, NULL, 23, 1, 0, 1),
(248, 1, 17, 2, NULL, 24, 1, 0, 1),
(249, 1, 17, 2, NULL, 25, 0, 0, 1),
(250, 1, 17, 2, NULL, 26, 0, 0, 1),
(251, 1, 17, 2, NULL, 27, 0, 0, 1),
(252, 1, 17, 2, NULL, 28, 5, 0, 1),
(253, 1, 17, 2, NULL, 29, 0, 0, 1),
(254, 1, 17, 2, NULL, 30, 8, 0, 1),
(255, 1, 17, 2, NULL, 31, 1, 0, 1),
(256, 1, 17, 2, NULL, 32, 0, 0, 1),
(258, 2, 12, 1, NULL, 1, 0, 0, 1),
(259, 2, 12, 1, NULL, 2, 0, 0, 1),
(260, 2, 12, 1, NULL, 3, 0, 0, 1),
(261, 2, 12, 1, NULL, 4, 0, 0, 1),
(262, 2, 12, 1, NULL, 5, 6, 0, 1),
(263, 2, 12, 1, NULL, 6, 1, 0, 1),
(264, 2, 12, 1, NULL, 7, 2, 0, 1),
(265, 2, 12, 1, NULL, 8, 3, 0, 1),
(266, 2, 12, 1, NULL, 9, 1, 0, 1),
(267, 2, 12, 1, NULL, 10, 2, 0, 1),
(268, 2, 12, 1, NULL, 11, 2, 0, 1),
(269, 2, 12, 1, NULL, 12, 3, 0, 1),
(270, 2, 12, 1, NULL, 13, 0, 0, 1),
(271, 2, 12, 1, NULL, 14, 2, 0, 1),
(272, 2, 12, 1, NULL, 15, 0, 0, 1),
(273, 2, 12, 1, NULL, 16, 6, 0, 1),
(274, 2, 12, 1, NULL, 17, 0, 0, 1),
(275, 2, 12, 1, NULL, 18, 1, 0, 1),
(276, 2, 12, 1, NULL, 19, 0, 0, 1),
(277, 2, 12, 1, NULL, 20, 3, 0, 1),
(278, 2, 12, 1, NULL, 21, 0, 0, 1),
(279, 2, 12, 1, NULL, 22, 0, 0, 1),
(280, 2, 12, 1, NULL, 23, 0, 0, 1),
(281, 2, 12, 1, NULL, 24, 0, 0, 1),
(282, 2, 12, 1, NULL, 25, 0, 0, 1),
(283, 2, 12, 1, NULL, 26, 0, 0, 1),
(284, 2, 12, 1, NULL, 27, 11, 0, 1),
(285, 2, 12, 1, NULL, 28, 1, 0, 1),
(286, 2, 12, 1, NULL, 29, 0, 0, 1),
(287, 2, 12, 1, NULL, 30, 6, 0, 1),
(288, 2, 12, 1, NULL, 31, 0, 0, 1),
(289, 2, 12, 1, NULL, 32, 0, 0, 1),
(290, 2, 12, 2, NULL, 1, 4, 0, 1),
(291, 2, 12, 2, NULL, 2, 12, 0, 1),
(292, 2, 12, 2, NULL, 3, 0, 0, 1),
(293, 2, 12, 2, NULL, 4, 2, 0, 1),
(294, 2, 12, 2, NULL, 5, 24, 0, 1),
(295, 2, 12, 2, NULL, 6, 18, 0, 1),
(296, 2, 12, 2, NULL, 7, 23, 0, 1),
(297, 2, 12, 2, NULL, 8, 20, 0, 1),
(298, 2, 12, 2, NULL, 9, 0, 0, 1),
(299, 2, 12, 2, NULL, 10, 32, 0, 1),
(300, 2, 12, 2, NULL, 11, 8, 0, 1),
(301, 2, 12, 2, NULL, 12, 69, 0, 1),
(302, 2, 12, 2, NULL, 13, 5, 0, 1),
(303, 2, 12, 2, NULL, 14, 2, 0, 1),
(304, 2, 12, 2, NULL, 15, 17, 0, 1),
(305, 2, 12, 2, NULL, 16, 12, 0, 1),
(306, 2, 12, 2, NULL, 17, 2, 0, 1),
(307, 2, 12, 2, NULL, 18, 5, 0, 1),
(308, 2, 12, 2, NULL, 19, 1, 0, 1),
(309, 2, 12, 2, NULL, 20, 8, 0, 1),
(310, 2, 12, 2, NULL, 21, 2, 0, 1),
(311, 2, 12, 2, NULL, 22, 5, 0, 1),
(312, 2, 12, 2, NULL, 23, 2, 0, 1),
(313, 2, 12, 2, NULL, 24, 3, 0, 1),
(314, 2, 12, 2, NULL, 25, 14, 0, 1),
(315, 2, 12, 2, NULL, 26, 4, 0, 1),
(316, 2, 12, 2, NULL, 27, 111, 1, 1),
(317, 2, 12, 2, NULL, 28, 10, 0, 1),
(318, 2, 12, 2, NULL, 29, 2, 0, 1),
(319, 2, 12, 2, NULL, 30, 45, 0, 1),
(320, 2, 12, 2, NULL, 31, 4, 0, 1),
(321, 2, 12, 2, NULL, 32, 3, 0, 1),
(322, 2, 13, 1, NULL, 1, 0, 0, 1),
(323, 2, 13, 1, NULL, 2, 0, 0, 1),
(324, 2, 13, 1, NULL, 3, 0, 0, 1),
(325, 2, 13, 1, NULL, 4, 0, 0, 1),
(326, 2, 13, 1, NULL, 5, 1, 0, 1),
(327, 2, 13, 1, NULL, 6, 2, 0, 1),
(328, 2, 13, 1, NULL, 7, 1, 0, 1),
(329, 2, 13, 1, NULL, 8, 2, 0, 1),
(330, 2, 13, 1, NULL, 9, 10, 0, 1),
(331, 2, 13, 1, NULL, 10, 1, 0, 1),
(332, 2, 13, 1, NULL, 11, 1, 0, 1),
(333, 2, 13, 1, NULL, 12, 2, 0, 1),
(334, 2, 13, 1, NULL, 13, 0, 0, 1),
(335, 2, 13, 1, NULL, 14, 0, 0, 1),
(336, 2, 13, 1, NULL, 15, 0, 0, 1),
(337, 2, 13, 1, NULL, 16, 1, 0, 1),
(338, 2, 13, 1, NULL, 17, 0, 0, 1),
(339, 2, 13, 1, NULL, 18, 1, 0, 1),
(340, 2, 13, 1, NULL, 19, 2, 0, 1),
(341, 2, 13, 1, NULL, 20, 0, 0, 1),
(342, 2, 13, 1, NULL, 21, 0, 0, 1),
(343, 2, 13, 1, NULL, 22, 0, 0, 1),
(344, 2, 13, 1, NULL, 23, 0, 0, 1),
(345, 2, 13, 1, NULL, 24, 0, 0, 1),
(346, 2, 13, 1, NULL, 25, 2, 0, 1),
(347, 2, 13, 1, NULL, 26, 2, 0, 1),
(348, 2, 13, 1, NULL, 27, 6, 0, 1),
(349, 2, 13, 1, NULL, 28, 1, 0, 1),
(350, 2, 13, 1, NULL, 29, 0, 0, 1),
(351, 2, 13, 1, NULL, 30, 6, 0, 1),
(352, 2, 13, 1, NULL, 31, 0, 0, 1),
(353, 2, 13, 1, NULL, 32, 0, 0, 1),
(354, 2, 13, 2, NULL, 1, 10, 0, 1),
(355, 2, 13, 2, NULL, 2, 22, 0, 1),
(356, 2, 13, 2, NULL, 3, 9, 0, 1),
(357, 2, 13, 2, NULL, 4, 2, 0, 1),
(358, 2, 13, 2, NULL, 5, 12, 0, 1),
(359, 2, 13, 2, NULL, 6, 35, 0, 1),
(360, 2, 13, 2, NULL, 7, 22, 0, 1),
(361, 2, 13, 2, NULL, 8, 8, 0, 1),
(362, 2, 13, 2, NULL, 9, 37, 0, 1),
(363, 2, 13, 2, NULL, 10, 1, 0, 1),
(364, 2, 13, 2, NULL, 11, 7, 0, 1),
(365, 2, 13, 2, NULL, 12, 10, 0, 1),
(366, 2, 13, 2, NULL, 13, 5, 0, 1),
(367, 2, 13, 2, NULL, 14, 2, 0, 1),
(368, 2, 13, 2, NULL, 15, 0, 0, 1),
(369, 2, 13, 2, NULL, 16, 13, 0, 1),
(370, 2, 13, 2, NULL, 17, 2, 0, 1),
(371, 2, 13, 2, NULL, 18, 5, 0, 1),
(372, 2, 13, 2, NULL, 19, 3, 0, 1),
(373, 2, 13, 2, NULL, 20, 4, 0, 1),
(374, 2, 13, 2, NULL, 21, 1, 0, 1),
(375, 2, 13, 2, NULL, 22, 3, 0, 1),
(376, 2, 13, 2, NULL, 23, 2, 0, 1),
(377, 2, 13, 2, NULL, 24, 1, 0, 1),
(378, 2, 13, 2, NULL, 25, 15, 0, 1),
(379, 2, 13, 2, NULL, 26, 6, 17, 1),
(380, 2, 13, 2, NULL, 27, 79, 3, 1),
(381, 2, 13, 2, NULL, 28, 9, 0, 1),
(382, 2, 13, 2, NULL, 29, 4, 0, 1),
(383, 2, 13, 2, NULL, 30, 74, 0, 1),
(384, 2, 13, 2, NULL, 31, 4, 0, 1),
(385, 2, 13, 2, NULL, 32, 0, 0, 1),
(386, 2, 14, 1, NULL, 1, 0, 0, 1),
(387, 2, 14, 1, NULL, 2, 0, 0, 1),
(388, 2, 14, 1, NULL, 3, 0, 0, 1),
(389, 2, 14, 1, NULL, 4, 0, 0, 1),
(390, 2, 14, 1, NULL, 5, 0, 0, 1),
(391, 2, 14, 1, NULL, 6, 0, 0, 1),
(392, 2, 14, 1, NULL, 7, 3, 0, 1),
(393, 2, 14, 1, NULL, 8, 2, 0, 1),
(394, 2, 14, 1, NULL, 9, 10, 0, 1),
(395, 2, 14, 1, NULL, 10, 1, 0, 1),
(396, 2, 14, 1, NULL, 11, 0, 0, 1),
(397, 2, 14, 1, NULL, 12, 2, 0, 1),
(398, 2, 14, 1, NULL, 13, 0, 0, 1),
(399, 2, 14, 1, NULL, 14, 0, 0, 1),
(400, 2, 14, 1, NULL, 15, 2, 0, 1),
(401, 2, 14, 1, NULL, 16, 0, 0, 1),
(402, 2, 14, 1, NULL, 17, 0, 0, 1),
(403, 2, 14, 1, NULL, 18, 2, 0, 1),
(404, 2, 14, 1, NULL, 19, 2, 0, 1),
(405, 2, 14, 1, NULL, 20, 1, 0, 1),
(406, 2, 14, 1, NULL, 21, 0, 0, 1),
(407, 2, 14, 1, NULL, 22, 1, 0, 1),
(408, 2, 14, 1, NULL, 23, 0, 0, 1),
(409, 2, 14, 1, NULL, 24, 0, 0, 1),
(410, 2, 14, 1, NULL, 25, 4, 0, 1),
(411, 2, 14, 1, NULL, 26, 1, 1, 1),
(412, 2, 14, 1, NULL, 27, 2, 0, 1),
(413, 2, 14, 1, NULL, 28, 1, 0, 1),
(414, 2, 14, 1, NULL, 29, 0, 0, 1),
(415, 2, 14, 1, NULL, 30, 0, 0, 1),
(416, 2, 14, 1, NULL, 31, 0, 0, 1),
(417, 2, 14, 1, NULL, 32, 0, 0, 1),
(418, 2, 14, 2, NULL, 1, 4, 0, 1),
(419, 2, 14, 2, NULL, 2, 7, 0, 1),
(420, 2, 14, 2, NULL, 3, 4, 0, 1),
(421, 2, 14, 2, NULL, 4, 3, 0, 1),
(422, 2, 14, 2, NULL, 5, 8, 0, 1),
(423, 2, 14, 2, NULL, 6, 4, 0, 1),
(424, 2, 14, 2, NULL, 7, 13, 0, 1),
(425, 2, 14, 2, NULL, 8, 1, 0, 1),
(426, 2, 14, 2, NULL, 9, 47, 0, 1),
(427, 2, 14, 2, NULL, 10, 11, 0, 1),
(428, 2, 14, 2, NULL, 11, 7, 0, 1),
(429, 2, 14, 2, NULL, 12, 2, 0, 1),
(430, 2, 14, 2, NULL, 13, 5, 0, 1),
(431, 2, 14, 2, NULL, 14, 4, 0, 1),
(432, 2, 14, 2, NULL, 15, 5, 0, 1),
(433, 2, 14, 2, NULL, 16, 17, 0, 1),
(434, 2, 14, 2, NULL, 17, 2, 0, 1),
(435, 2, 14, 2, NULL, 18, 7, 0, 1),
(436, 2, 14, 2, NULL, 19, 4, 0, 1),
(437, 2, 14, 2, NULL, 20, 3, 0, 1),
(438, 2, 14, 2, NULL, 21, 4, 0, 1),
(439, 2, 14, 2, NULL, 22, 6, 0, 1),
(440, 2, 14, 2, NULL, 23, 2, 0, 1),
(441, 2, 14, 2, NULL, 24, 5, 0, 1),
(442, 2, 14, 2, NULL, 25, 15, 0, 1),
(443, 2, 14, 2, NULL, 26, 20, 10, 1),
(444, 2, 14, 2, NULL, 27, 21, 0, 1),
(445, 2, 14, 2, NULL, 28, 12, 0, 1),
(446, 2, 14, 2, NULL, 29, 0, 0, 1),
(447, 2, 14, 2, NULL, 30, 99, 0, 1),
(448, 2, 14, 2, NULL, 31, 2, 0, 1),
(449, 2, 14, 2, NULL, 32, 3, 0, 1),
(450, 3, 14, 1, NULL, 1, 0, 0, 1),
(451, 3, 14, 1, NULL, 2, 1, 0, 1),
(452, 3, 14, 1, NULL, 3, 0, 0, 1),
(453, 3, 14, 1, NULL, 4, 0, 0, 1),
(454, 3, 14, 1, NULL, 5, 0, 0, 1),
(455, 3, 14, 1, NULL, 6, 0, 0, 1),
(456, 3, 14, 1, NULL, 7, 8, 0, 1),
(457, 3, 14, 1, NULL, 8, 0, 0, 1),
(458, 3, 14, 1, NULL, 9, 0, 0, 1),
(459, 3, 14, 1, NULL, 10, 0, 0, 1),
(460, 3, 14, 1, NULL, 11, 0, 0, 1),
(461, 3, 14, 1, NULL, 12, 0, 0, 1),
(462, 3, 14, 1, NULL, 13, 1, 0, 1),
(463, 3, 14, 1, NULL, 14, 5, 0, 1),
(464, 3, 14, 1, NULL, 15, 0, 0, 1),
(465, 3, 14, 1, NULL, 16, 0, 0, 1),
(466, 3, 14, 1, NULL, 17, 0, 0, 1),
(467, 3, 14, 1, NULL, 18, 0, 0, 1),
(468, 3, 14, 1, NULL, 19, 0, 0, 1),
(469, 3, 14, 1, NULL, 20, 0, 0, 1),
(470, 3, 14, 1, NULL, 21, 2, 0, 1),
(471, 3, 14, 1, NULL, 22, 0, 0, 1),
(472, 3, 14, 1, NULL, 23, 0, 0, 1),
(473, 3, 14, 1, NULL, 24, 0, 0, 1),
(474, 3, 14, 1, NULL, 25, 0, 0, 1),
(475, 3, 14, 1, NULL, 26, 0, 0, 1),
(476, 3, 14, 1, NULL, 27, 0, 0, 1),
(477, 3, 14, 1, NULL, 28, 0, 0, 1),
(478, 3, 14, 1, NULL, 29, 0, 0, 1),
(479, 3, 14, 1, NULL, 30, 0, 0, 1),
(480, 3, 14, 1, NULL, 31, 0, 0, 1),
(481, 3, 14, 1, NULL, 32, 0, 0, 1),
(482, 3, 14, 2, NULL, 1, 0, 0, 1),
(483, 3, 14, 2, NULL, 2, 8, 0, 1),
(484, 3, 14, 2, NULL, 3, 0, 0, 1),
(485, 3, 14, 2, NULL, 4, 0, 0, 1),
(486, 3, 14, 2, NULL, 5, 0, 0, 1),
(487, 3, 14, 2, NULL, 6, 1, 0, 1),
(488, 3, 14, 2, NULL, 7, 27, 0, 1),
(489, 3, 14, 2, NULL, 8, 0, 0, 1),
(490, 3, 14, 2, NULL, 9, 10, 0, 1),
(491, 3, 14, 2, NULL, 10, 0, 0, 1),
(492, 3, 14, 2, NULL, 11, 2, 0, 1),
(493, 3, 14, 2, NULL, 12, 0, 0, 1),
(494, 3, 14, 2, NULL, 13, 4, 0, 1),
(495, 3, 14, 2, NULL, 14, 52, 0, 1),
(496, 3, 14, 2, NULL, 15, 0, 0, 1),
(497, 3, 14, 2, NULL, 16, 1, 0, 1),
(498, 3, 14, 2, NULL, 17, 0, 0, 1),
(499, 3, 14, 2, NULL, 18, 0, 0, 1),
(500, 3, 14, 2, NULL, 19, 0, 0, 1),
(501, 3, 14, 2, NULL, 20, 4, 0, 1),
(502, 3, 14, 2, NULL, 21, 1, 0, 1),
(503, 3, 14, 2, NULL, 22, 4, 0, 1),
(504, 3, 14, 2, NULL, 23, 0, 0, 1),
(505, 3, 14, 2, NULL, 24, 0, 0, 1),
(506, 3, 14, 2, NULL, 25, 7, 0, 1),
(507, 3, 14, 2, NULL, 26, 0, 0, 1),
(508, 3, 14, 2, NULL, 27, 13, 0, 1),
(509, 3, 14, 2, NULL, 28, 0, 0, 1),
(510, 3, 14, 2, NULL, 29, 0, 0, 1),
(511, 3, 14, 2, NULL, 30, 0, 0, 1),
(512, 3, 14, 2, NULL, 31, 0, 0, 1),
(513, 3, 14, 2, NULL, 32, 0, 0, 1),
(514, 3, 15, 1, NULL, 1, 2, 0, 1),
(515, 3, 15, 1, NULL, 2, 0, 0, 1),
(516, 3, 15, 1, NULL, 3, 0, 0, 1),
(517, 3, 15, 1, NULL, 4, 0, 0, 1),
(518, 3, 15, 1, NULL, 5, 2, 0, 1),
(519, 3, 15, 1, NULL, 6, 0, 0, 1),
(520, 3, 15, 1, NULL, 7, 34, 0, 1),
(521, 3, 15, 1, NULL, 8, 0, 0, 1),
(522, 3, 15, 1, NULL, 9, 1, 0, 1),
(523, 3, 15, 1, NULL, 10, 0, 0, 1),
(524, 3, 15, 1, NULL, 11, 0, 0, 1),
(525, 3, 15, 1, NULL, 12, 0, 0, 1),
(526, 3, 15, 1, NULL, 13, 0, 0, 1),
(527, 3, 15, 1, NULL, 14, 6, 0, 1),
(528, 3, 15, 1, NULL, 15, 0, 0, 1),
(529, 3, 15, 1, NULL, 16, 0, 0, 1),
(530, 3, 15, 1, NULL, 17, 0, 0, 1),
(531, 3, 15, 1, NULL, 18, 0, 0, 1),
(532, 3, 15, 1, NULL, 19, 1, 0, 1),
(533, 3, 15, 1, NULL, 20, 0, 0, 1),
(534, 3, 15, 1, NULL, 21, 2, 0, 1),
(535, 3, 15, 1, NULL, 22, 0, 0, 1),
(536, 3, 15, 1, NULL, 23, 0, 0, 1),
(537, 3, 15, 1, NULL, 24, 0, 0, 1),
(538, 3, 15, 1, NULL, 25, 0, 0, 1),
(539, 3, 15, 1, NULL, 26, 0, 0, 1),
(540, 3, 15, 1, NULL, 27, 0, 0, 1),
(541, 3, 15, 1, NULL, 28, 0, 0, 1),
(542, 3, 15, 1, NULL, 29, 0, 0, 1),
(543, 3, 15, 1, NULL, 30, 0, 0, 1),
(544, 3, 15, 1, NULL, 31, 0, 0, 1),
(545, 3, 15, 1, NULL, 32, 6, 0, 1),
(546, 3, 15, 2, NULL, 1, 4, 0, 1),
(547, 3, 15, 2, NULL, 2, 0, 0, 1),
(548, 3, 15, 2, NULL, 3, 0, 0, 1),
(549, 3, 15, 2, NULL, 4, 6, 0, 1),
(550, 3, 15, 2, NULL, 5, 11, 0, 1),
(551, 3, 15, 2, NULL, 6, 0, 0, 1),
(552, 3, 15, 2, NULL, 7, 164, 0, 1),
(553, 3, 15, 2, NULL, 8, 0, 0, 1),
(554, 3, 15, 2, NULL, 9, 4, 0, 1),
(555, 3, 15, 2, NULL, 10, 1, 0, 1),
(556, 3, 15, 2, NULL, 11, 2, 0, 1),
(557, 3, 15, 2, NULL, 12, 0, 0, 1),
(558, 3, 15, 2, NULL, 13, 8, 0, 1),
(559, 3, 15, 2, NULL, 14, 61, 0, 1),
(560, 3, 15, 2, NULL, 15, 0, 0, 1),
(561, 3, 15, 2, NULL, 16, 0, 0, 1),
(562, 3, 15, 2, NULL, 17, 0, 0, 1),
(563, 3, 15, 2, NULL, 18, 7, 0, 1),
(564, 3, 15, 2, NULL, 19, 0, 0, 1),
(565, 3, 15, 2, NULL, 20, 9, 0, 1),
(566, 3, 15, 2, NULL, 21, 7, 0, 1),
(567, 3, 15, 2, NULL, 22, 4, 0, 1),
(568, 3, 15, 2, NULL, 23, 54, 0, 1),
(569, 3, 15, 2, NULL, 24, 0, 0, 1),
(570, 3, 15, 2, NULL, 25, 7, 0, 1),
(571, 3, 15, 2, NULL, 26, 2, 0, 1),
(572, 3, 15, 2, NULL, 27, 0, 0, 1),
(573, 3, 15, 2, NULL, 28, 1, 0, 1),
(574, 3, 15, 2, NULL, 29, 2, 0, 1),
(575, 3, 15, 2, NULL, 30, 0, 0, 1),
(576, 3, 15, 2, NULL, 31, 2, 0, 1),
(577, 3, 15, 2, NULL, 32, 20, 0, 1),
(578, 3, 16, 1, NULL, 1, 0, 0, 1),
(579, 3, 16, 1, NULL, 2, 0, 0, 1),
(580, 3, 16, 1, NULL, 3, 0, 0, 1),
(581, 3, 16, 1, NULL, 4, 0, 0, 1),
(582, 3, 16, 1, NULL, 5, 0, 0, 1),
(583, 3, 16, 1, NULL, 6, 0, 0, 1),
(584, 3, 16, 1, NULL, 7, 48, 0, 1),
(585, 3, 16, 1, NULL, 8, 0, 0, 1),
(586, 3, 16, 1, NULL, 9, 1, 0, 1),
(587, 3, 16, 1, NULL, 10, 0, 0, 1),
(588, 3, 16, 1, NULL, 11, 0, 0, 1),
(589, 3, 16, 1, NULL, 12, 0, 0, 1),
(590, 3, 16, 1, NULL, 13, 0, 0, 1),
(591, 3, 16, 1, NULL, 14, 7, 0, 1),
(592, 3, 16, 1, NULL, 15, 5, 0, 1),
(593, 3, 16, 1, NULL, 16, 0, 0, 1),
(594, 3, 16, 1, NULL, 17, 0, 0, 1),
(595, 3, 16, 1, NULL, 18, 0, 0, 1),
(596, 3, 16, 1, NULL, 19, 0, 0, 1),
(597, 3, 16, 1, NULL, 20, 0, 0, 1),
(598, 3, 16, 1, NULL, 21, 5, 0, 1),
(599, 3, 16, 1, NULL, 22, 0, 0, 1),
(600, 3, 16, 1, NULL, 23, 0, 0, 1),
(601, 3, 16, 1, NULL, 24, 0, 0, 1),
(602, 3, 16, 1, NULL, 25, 0, 0, 1),
(603, 3, 16, 1, NULL, 26, 1, 0, 1),
(604, 3, 16, 1, NULL, 27, 0, 0, 1),
(605, 3, 16, 1, NULL, 28, 0, 0, 1),
(606, 3, 16, 1, NULL, 29, 0, 0, 1),
(607, 3, 16, 1, NULL, 30, 0, 0, 1),
(608, 3, 16, 1, NULL, 31, 0, 0, 1),
(609, 3, 16, 1, NULL, 32, 0, 0, 1),
(610, 3, 16, 2, NULL, 1, 2, 0, 1),
(611, 3, 16, 2, NULL, 2, 1, 0, 1),
(612, 3, 16, 2, NULL, 3, 0, 0, 1),
(613, 3, 16, 2, NULL, 4, 2, 0, 1),
(614, 3, 16, 2, NULL, 5, 1, 0, 1),
(615, 3, 16, 2, NULL, 6, 0, 0, 1),
(616, 3, 16, 2, NULL, 7, 189, 0, 1),
(617, 3, 16, 2, NULL, 8, 1, 0, 1),
(618, 3, 16, 2, NULL, 9, 4, 0, 1),
(619, 3, 16, 2, NULL, 10, 0, 0, 1),
(620, 3, 16, 2, NULL, 11, 0, 0, 1),
(621, 3, 16, 2, NULL, 12, 0, 0, 1),
(622, 3, 16, 2, NULL, 13, 6, 0, 1),
(623, 3, 16, 2, NULL, 14, 59, 0, 1),
(624, 3, 16, 2, NULL, 15, 2, 0, 1),
(625, 3, 16, 2, NULL, 16, 0, 0, 1),
(626, 3, 16, 2, NULL, 17, 4, 0, 1),
(627, 3, 16, 2, NULL, 18, 0, 0, 1),
(628, 3, 16, 2, NULL, 19, 6, 0, 1),
(629, 3, 16, 2, NULL, 20, 6, 0, 1),
(630, 3, 16, 2, NULL, 21, 11, 0, 1),
(631, 3, 16, 2, NULL, 22, 4, 0, 1),
(632, 3, 16, 2, NULL, 23, 0, 0, 1),
(633, 3, 16, 2, NULL, 24, 3, 0, 1),
(634, 3, 16, 2, NULL, 25, 4, 0, 1),
(635, 3, 16, 2, NULL, 26, 3, 0, 1),
(636, 3, 16, 2, NULL, 27, 0, 0, 1),
(637, 3, 16, 2, NULL, 28, 5, 0, 1),
(638, 3, 16, 2, NULL, 29, 1, 0, 1),
(639, 3, 16, 2, NULL, 30, 0, 0, 1),
(640, 3, 16, 2, NULL, 31, 4, 0, 1),
(641, 3, 16, 2, NULL, 32, 0, 0, 1),
(642, 5, 12, 1, NULL, 1, 0, 0, 1),
(643, 5, 12, 1, NULL, 2, 10, 0, 1),
(644, 5, 12, 1, NULL, 3, 0, 0, 1),
(645, 5, 12, 1, NULL, 4, 0, 0, 1),
(646, 5, 12, 1, NULL, 5, 0, 0, 1),
(647, 5, 12, 1, NULL, 6, 0, 0, 1),
(648, 5, 12, 1, NULL, 7, 4, 0, 1),
(649, 5, 12, 1, NULL, 8, 0, 0, 1),
(650, 5, 12, 1, NULL, 9, 1, 0, 1),
(651, 5, 12, 1, NULL, 10, 1, 0, 1),
(652, 5, 12, 1, NULL, 11, 0, 0, 1),
(653, 5, 12, 1, NULL, 12, 0, 0, 1),
(654, 5, 12, 1, NULL, 13, 0, 0, 1),
(655, 5, 12, 1, NULL, 14, 0, 0, 1),
(656, 5, 12, 1, NULL, 15, 0, 0, 1),
(657, 5, 12, 1, NULL, 16, 0, 0, 1),
(658, 5, 12, 1, NULL, 17, 1, 0, 1),
(659, 5, 12, 1, NULL, 18, 0, 0, 1),
(660, 5, 12, 1, NULL, 19, 0, 0, 1),
(661, 5, 12, 1, NULL, 20, 2, 0, 1),
(662, 5, 12, 1, NULL, 21, 0, 0, 1),
(663, 5, 12, 1, NULL, 22, 0, 0, 1),
(664, 5, 12, 1, NULL, 23, 0, 0, 1),
(665, 5, 12, 1, NULL, 24, 0, 0, 1),
(666, 5, 12, 1, NULL, 25, 0, 0, 1),
(667, 5, 12, 1, NULL, 26, 0, 0, 1),
(668, 5, 12, 1, NULL, 27, 0, 0, 1),
(669, 5, 12, 1, NULL, 28, 0, 0, 1),
(670, 5, 12, 1, NULL, 29, 0, 0, 1),
(671, 5, 12, 1, NULL, 30, 2, 0, 1),
(672, 5, 12, 1, NULL, 31, 0, 0, 1),
(673, 5, 12, 1, NULL, 32, 0, 0, 1),
(674, 5, 12, 2, NULL, 1, 16, 0, 1),
(675, 5, 12, 2, NULL, 2, 531, 0, 1),
(676, 5, 12, 2, NULL, 3, 0, 0, 1),
(677, 5, 12, 2, NULL, 4, 5, 0, 1),
(678, 5, 12, 2, NULL, 5, 0, 0, 1),
(679, 5, 12, 2, NULL, 6, 88, 2, 1),
(680, 5, 12, 2, NULL, 7, 887, 0, 1),
(681, 5, 12, 2, NULL, 8, 0, 0, 1),
(682, 5, 12, 2, NULL, 9, 40, 0, 1),
(683, 5, 12, 2, NULL, 10, 28, 0, 1),
(684, 5, 12, 2, NULL, 11, 0, 0, 1),
(685, 5, 12, 2, NULL, 12, 0, 0, 1),
(686, 5, 12, 2, NULL, 13, 0, 0, 1),
(687, 5, 12, 2, NULL, 14, 0, 0, 1),
(688, 5, 12, 2, NULL, 15, 15, 0, 1),
(689, 5, 12, 2, NULL, 16, 18, 0, 1),
(690, 5, 12, 2, NULL, 17, 83, 0, 1),
(691, 5, 12, 2, NULL, 18, 0, 0, 1),
(692, 5, 12, 2, NULL, 19, 1, 0, 1),
(693, 5, 12, 2, NULL, 20, 57, 0, 1),
(694, 5, 12, 2, NULL, 21, 0, 0, 1),
(695, 5, 12, 2, NULL, 22, 0, 0, 1),
(696, 5, 12, 2, NULL, 23, 18, 0, 1),
(697, 5, 12, 2, NULL, 24, 102, 1, 1),
(698, 5, 12, 2, NULL, 25, 0, 0, 1),
(699, 5, 12, 2, NULL, 26, 0, 0, 1),
(700, 5, 12, 2, NULL, 27, 165, 0, 1),
(701, 5, 12, 2, NULL, 28, 0, 0, 1),
(702, 5, 12, 2, NULL, 29, 4, 0, 1),
(703, 5, 12, 2, NULL, 30, 262, 0, 1),
(704, 5, 12, 2, NULL, 31, 69, 7, 1),
(705, 5, 12, 2, NULL, 32, 3, 0, 1),
(706, 5, 13, 1, NULL, 1, 0, 0, 1),
(707, 5, 13, 1, NULL, 2, 7, 0, 1),
(708, 5, 13, 1, NULL, 3, 0, 0, 1),
(709, 5, 13, 1, NULL, 4, 0, 0, 1),
(710, 5, 13, 1, NULL, 5, 1, 0, 1),
(711, 5, 13, 1, NULL, 6, 0, 0, 1),
(712, 5, 13, 1, NULL, 7, 5, 0, 1),
(713, 5, 13, 1, NULL, 8, 0, 0, 1),
(714, 5, 13, 1, NULL, 9, 0, 0, 1),
(715, 5, 13, 1, NULL, 10, 0, 0, 1),
(716, 5, 13, 1, NULL, 11, 0, 0, 1),
(717, 5, 13, 1, NULL, 12, 0, 0, 1),
(718, 5, 13, 1, NULL, 13, 0, 0, 1),
(719, 5, 13, 1, NULL, 14, 0, 0, 1),
(720, 5, 13, 1, NULL, 15, 0, 0, 1),
(721, 5, 13, 1, NULL, 16, 0, 0, 1),
(722, 5, 13, 1, NULL, 17, 2, 0, 1),
(723, 5, 13, 1, NULL, 18, 0, 0, 1),
(724, 5, 13, 1, NULL, 19, 0, 0, 1),
(725, 5, 13, 1, NULL, 20, 0, 0, 1),
(726, 5, 13, 1, NULL, 21, 1, 0, 1),
(727, 5, 13, 1, NULL, 22, 0, 0, 1),
(728, 5, 13, 1, NULL, 23, 0, 0, 1),
(729, 5, 13, 1, NULL, 24, 0, 0, 1),
(730, 5, 13, 1, NULL, 25, 0, 0, 1),
(731, 5, 13, 1, NULL, 26, 0, 0, 1),
(732, 5, 13, 1, NULL, 27, 0, 0, 1),
(733, 5, 13, 1, NULL, 28, 0, 0, 1),
(734, 5, 13, 1, NULL, 29, 0, 0, 1),
(735, 5, 13, 1, NULL, 30, 2, 0, 1),
(736, 5, 13, 1, NULL, 31, 0, 0, 1),
(737, 5, 13, 1, NULL, 32, 0, 0, 1),
(738, 5, 13, 2, NULL, 1, 18, 1, 1),
(739, 5, 13, 2, NULL, 2, 416, 0, 1),
(740, 5, 13, 2, NULL, 3, 0, 0, 1),
(741, 5, 13, 2, NULL, 4, 5, 0, 1),
(742, 5, 13, 2, NULL, 5, 30, 3, 1),
(743, 5, 13, 2, NULL, 6, 171, 3, 1),
(744, 5, 13, 2, NULL, 7, 903, 0, 1),
(745, 5, 13, 2, NULL, 8, 5, 0, 1),
(746, 5, 13, 2, NULL, 9, 52, 0, 1),
(747, 5, 13, 2, NULL, 10, 29, 0, 1),
(748, 5, 13, 2, NULL, 11, 22, 7, 1),
(749, 5, 13, 2, NULL, 12, 24, 0, 1),
(750, 5, 13, 2, NULL, 13, 17, 0, 1),
(751, 5, 13, 2, NULL, 14, 0, 0, 1),
(752, 5, 13, 2, NULL, 15, 85, 0, 1),
(753, 5, 13, 2, NULL, 16, 0, 0, 1),
(754, 5, 13, 2, NULL, 17, 84, 0, 1),
(755, 5, 13, 2, NULL, 18, 0, 0, 1),
(756, 5, 13, 2, NULL, 19, 0, 0, 1),
(757, 5, 13, 2, NULL, 20, 55, 0, 1),
(758, 5, 13, 2, NULL, 21, 25, 0, 1),
(759, 5, 13, 2, NULL, 22, 45, 0, 1),
(760, 5, 13, 2, NULL, 23, 61, 1, 1),
(761, 5, 13, 2, NULL, 24, 72, 0, 1),
(762, 5, 13, 2, NULL, 25, 3, 0, 1),
(763, 5, 13, 2, NULL, 26, 3, 0, 1),
(764, 5, 13, 2, NULL, 27, 176, 5, 1),
(765, 5, 13, 2, NULL, 28, 0, 0, 1),
(766, 5, 13, 2, NULL, 29, 3, 0, 1),
(767, 5, 13, 2, NULL, 30, 212, 0, 1),
(768, 5, 13, 2, NULL, 31, 69, 1, 1),
(769, 5, 13, 2, NULL, 32, 9, 0, 1),
(770, 5, 14, 1, NULL, 1, 2, 0, 1),
(771, 5, 14, 1, NULL, 2, 8, 0, 1),
(772, 5, 14, 1, NULL, 3, 0, 0, 1),
(773, 5, 14, 1, NULL, 4, 0, 0, 1),
(774, 5, 14, 1, NULL, 5, 0, 0, 1),
(775, 5, 14, 1, NULL, 6, 0, 0, 1),
(776, 5, 14, 1, NULL, 7, 3, 0, 1),
(777, 5, 14, 1, NULL, 8, 0, 0, 1),
(778, 5, 14, 1, NULL, 9, 0, 0, 1),
(779, 5, 14, 1, NULL, 10, 1, 0, 1),
(780, 5, 14, 1, NULL, 11, 1, 0, 1),
(781, 5, 14, 1, NULL, 12, 0, 0, 1),
(782, 5, 14, 1, NULL, 13, 0, 0, 1),
(783, 5, 14, 1, NULL, 14, 0, 0, 1),
(784, 5, 14, 1, NULL, 15, 0, 0, 1),
(785, 5, 14, 1, NULL, 16, 0, 0, 1),
(786, 5, 14, 1, NULL, 17, 1, 0, 1),
(787, 5, 14, 1, NULL, 18, 0, 0, 1),
(788, 5, 14, 1, NULL, 19, 0, 0, 1),
(789, 5, 14, 1, NULL, 20, 0, 0, 1),
(790, 5, 14, 1, NULL, 21, 0, 0, 1),
(791, 5, 14, 1, NULL, 22, 0, 0, 1),
(792, 5, 14, 1, NULL, 23, 4, 0, 1),
(793, 5, 14, 1, NULL, 24, 1, 0, 1),
(794, 5, 14, 1, NULL, 25, 0, 0, 1),
(795, 5, 14, 1, NULL, 26, 0, 0, 1),
(796, 5, 14, 1, NULL, 27, 1, 0, 1),
(797, 5, 14, 1, NULL, 28, 0, 0, 1),
(798, 5, 14, 1, NULL, 29, 0, 0, 1),
(799, 5, 14, 1, NULL, 30, 3, 0, 1),
(800, 5, 14, 1, NULL, 31, 0, 0, 1),
(801, 5, 14, 1, NULL, 32, 0, 0, 1),
(802, 5, 14, 2, NULL, 1, 12, 0, 1),
(803, 5, 14, 2, NULL, 2, 476, 0, 1),
(804, 5, 14, 2, NULL, 3, 0, 0, 1),
(805, 5, 14, 2, NULL, 4, 5, 0, 1),
(806, 5, 14, 2, NULL, 5, 35, 1, 1),
(807, 5, 14, 2, NULL, 6, 430, 4, 1),
(808, 5, 14, 2, NULL, 7, 871, 0, 1),
(809, 5, 14, 2, NULL, 8, 2, 0, 1),
(810, 5, 14, 2, NULL, 9, 45, 1, 1),
(811, 5, 14, 2, NULL, 10, 36, 0, 1),
(812, 5, 14, 2, NULL, 11, 30, 0, 1),
(813, 5, 14, 2, NULL, 12, 13, 0, 1),
(814, 5, 14, 2, NULL, 13, 2, 0, 1),
(815, 5, 14, 2, NULL, 14, 0, 0, 1),
(816, 5, 14, 2, NULL, 15, 2, 0, 1),
(817, 5, 14, 2, NULL, 16, 0, 0, 1),
(818, 5, 14, 2, NULL, 17, 59, 1, 1),
(819, 5, 14, 2, NULL, 18, 0, 0, 1),
(820, 5, 14, 2, NULL, 19, 5, 0, 1),
(821, 5, 14, 2, NULL, 20, 74, 0, 1),
(822, 5, 14, 2, NULL, 21, 0, 0, 1),
(823, 5, 14, 2, NULL, 22, 31, 0, 1),
(824, 5, 14, 2, NULL, 23, 189, 0, 1),
(825, 5, 14, 2, NULL, 24, 112, 1, 1),
(826, 5, 14, 2, NULL, 25, 11, 0, 1),
(827, 5, 14, 2, NULL, 26, 0, 0, 1),
(828, 5, 14, 2, NULL, 27, 66, 0, 1),
(829, 5, 14, 2, NULL, 28, 0, 0, 1),
(830, 5, 14, 2, NULL, 29, 4, 0, 1),
(831, 5, 14, 2, NULL, 30, 148, 0, 1),
(832, 5, 14, 2, NULL, 31, 54, 0, 1),
(833, 5, 14, 2, NULL, 32, 2, 0, 1),
(834, 6, 14, 1, NULL, 1, 0, 0, 1),
(835, 6, 14, 1, NULL, 2, 5, 0, 1),
(836, 6, 14, 1, NULL, 3, 0, 0, 1),
(837, 6, 14, 1, NULL, 4, 0, 0, 1),
(838, 6, 14, 1, NULL, 5, 0, 0, 1),
(839, 6, 14, 1, NULL, 6, 0, 0, 1),
(840, 6, 14, 1, NULL, 7, 0, 0, 1),
(841, 6, 14, 1, NULL, 8, 0, 0, 1),
(842, 6, 14, 1, NULL, 9, 0, 0, 1),
(843, 6, 14, 1, NULL, 10, 0, 0, 1),
(844, 6, 14, 1, NULL, 11, 0, 0, 1),
(845, 6, 14, 1, NULL, 12, 0, 0, 1),
(846, 6, 14, 1, NULL, 13, 0, 0, 1),
(847, 6, 14, 1, NULL, 14, 0, 0, 1),
(848, 6, 14, 1, NULL, 15, 0, 0, 1),
(849, 6, 14, 1, NULL, 16, 0, 0, 1),
(850, 6, 14, 1, NULL, 17, 0, 0, 1),
(851, 6, 14, 1, NULL, 18, 0, 0, 1),
(852, 6, 14, 1, NULL, 19, 0, 0, 1),
(853, 6, 14, 1, NULL, 20, 0, 0, 1),
(854, 6, 14, 1, NULL, 21, 0, 0, 1),
(855, 6, 14, 1, NULL, 22, 0, 0, 1),
(856, 6, 14, 1, NULL, 23, 0, 0, 1),
(857, 6, 14, 1, NULL, 24, 0, 0, 1),
(858, 6, 14, 1, NULL, 25, 0, 0, 1),
(859, 6, 14, 1, NULL, 26, 0, 0, 1),
(860, 6, 14, 1, NULL, 27, 0, 0, 1),
(861, 6, 14, 1, NULL, 28, 0, 0, 1),
(862, 6, 14, 1, NULL, 29, 0, 0, 1),
(863, 6, 14, 1, NULL, 30, 0, 0, 1),
(864, 6, 14, 1, NULL, 31, 0, 0, 1),
(865, 6, 14, 1, NULL, 32, 0, 0, 1),
(866, 6, 14, 2, NULL, 1, 0, 0, 1),
(867, 6, 14, 2, NULL, 2, 119, 0, 1),
(868, 6, 14, 2, NULL, 3, 0, 0, 1),
(869, 6, 14, 2, NULL, 4, 0, 0, 1),
(870, 6, 14, 2, NULL, 5, 0, 0, 1),
(871, 6, 14, 2, NULL, 6, 11, 2, 1),
(872, 6, 14, 2, NULL, 7, 0, 0, 1),
(873, 6, 14, 2, NULL, 8, 0, 0, 1),
(874, 6, 14, 2, NULL, 9, 0, 0, 1),
(875, 6, 14, 2, NULL, 10, 0, 0, 1),
(876, 6, 14, 2, NULL, 11, 0, 0, 1),
(877, 6, 14, 2, NULL, 12, 0, 0, 1),
(878, 6, 14, 2, NULL, 13, 0, 0, 1),
(879, 6, 14, 2, NULL, 14, 1, 0, 1),
(880, 6, 14, 2, NULL, 15, 0, 0, 1),
(881, 6, 14, 2, NULL, 16, 0, 0, 1),
(882, 6, 14, 2, NULL, 17, 0, 0, 1),
(883, 6, 14, 2, NULL, 18, 0, 0, 1),
(884, 6, 14, 2, NULL, 19, 0, 0, 1),
(885, 6, 14, 2, NULL, 20, 3, 0, 1),
(886, 6, 14, 2, NULL, 21, 0, 0, 1),
(887, 6, 14, 2, NULL, 22, 0, 0, 1),
(888, 6, 14, 2, NULL, 23, 0, 0, 1),
(889, 6, 14, 2, NULL, 24, 0, 0, 1),
(890, 6, 14, 2, NULL, 25, 0, 0, 1),
(891, 6, 14, 2, NULL, 26, 0, 0, 1),
(892, 6, 14, 2, NULL, 27, 73, 0, 1),
(893, 6, 14, 2, NULL, 28, 0, 0, 1),
(894, 6, 14, 2, NULL, 29, 0, 0, 1),
(895, 6, 14, 2, NULL, 30, 13, 0, 1),
(896, 6, 14, 2, NULL, 31, 0, 0, 1),
(897, 6, 14, 2, NULL, 32, 6, 0, 1),
(898, 6, 15, 1, NULL, 1, 0, 0, 1),
(899, 6, 15, 1, NULL, 2, 0, 0, 1),
(900, 6, 15, 1, NULL, 3, 0, 0, 1),
(901, 6, 15, 1, NULL, 4, 0, 0, 1),
(902, 6, 15, 1, NULL, 5, 0, 0, 1),
(903, 6, 15, 1, NULL, 6, 0, 0, 1),
(904, 6, 15, 1, NULL, 7, 0, 0, 1),
(905, 6, 15, 1, NULL, 8, 0, 0, 1),
(906, 6, 15, 1, NULL, 9, 0, 0, 1),
(907, 6, 15, 1, NULL, 10, 0, 0, 1),
(908, 6, 15, 1, NULL, 11, 0, 0, 1),
(909, 6, 15, 1, NULL, 12, 0, 0, 1),
(910, 6, 15, 1, NULL, 13, 0, 0, 1),
(911, 6, 15, 1, NULL, 14, 0, 0, 1),
(912, 6, 15, 1, NULL, 15, 0, 0, 1),
(913, 6, 15, 1, NULL, 16, 0, 0, 1),
(914, 6, 15, 1, NULL, 17, 0, 0, 1),
(915, 6, 15, 1, NULL, 18, 0, 0, 1),
(916, 6, 15, 1, NULL, 19, 0, 0, 1),
(917, 6, 15, 1, NULL, 20, 0, 0, 1),
(918, 6, 15, 1, NULL, 21, 0, 0, 1),
(919, 6, 15, 1, NULL, 22, 0, 0, 1),
(920, 6, 15, 1, NULL, 23, 0, 0, 1),
(921, 6, 15, 1, NULL, 24, 0, 0, 1),
(922, 6, 15, 1, NULL, 25, 0, 0, 1),
(923, 6, 15, 1, NULL, 26, 0, 0, 1),
(924, 6, 15, 1, NULL, 27, 0, 0, 1),
(925, 6, 15, 1, NULL, 28, 0, 0, 1),
(926, 6, 15, 1, NULL, 29, 0, 0, 1),
(927, 6, 15, 1, NULL, 30, 0, 0, 1),
(928, 6, 15, 1, NULL, 31, 0, 0, 1),
(929, 6, 15, 1, NULL, 32, 0, 0, 1),
(930, 6, 15, 2, NULL, 1, 0, 0, 1),
(931, 6, 15, 2, NULL, 2, 0, 0, 1),
(932, 6, 15, 2, NULL, 3, 0, 0, 1),
(933, 6, 15, 2, NULL, 4, 0, 0, 1),
(934, 6, 15, 2, NULL, 5, 0, 0, 1),
(935, 6, 15, 2, NULL, 6, 0, 0, 1),
(936, 6, 15, 2, NULL, 7, 0, 0, 1),
(937, 6, 15, 2, NULL, 8, 0, 0, 1),
(938, 6, 15, 2, NULL, 9, 49, 0, 1),
(939, 6, 15, 2, NULL, 10, 0, 0, 1),
(940, 6, 15, 2, NULL, 11, 0, 0, 1),
(941, 6, 15, 2, NULL, 12, 0, 0, 1),
(942, 6, 15, 2, NULL, 13, 1, 0, 1),
(943, 6, 15, 2, NULL, 14, 1, 0, 1),
(944, 6, 15, 2, NULL, 15, 0, 0, 1),
(945, 6, 15, 2, NULL, 16, 0, 0, 1),
(946, 6, 15, 2, NULL, 17, 0, 0, 1),
(947, 6, 15, 2, NULL, 18, 0, 0, 1),
(948, 6, 15, 2, NULL, 19, 0, 0, 1),
(949, 6, 15, 2, NULL, 20, 3, 0, 1),
(950, 6, 15, 2, NULL, 21, 0, 0, 1),
(951, 6, 15, 2, NULL, 22, 0, 0, 1),
(952, 6, 15, 2, NULL, 23, 2, 0, 1),
(953, 6, 15, 2, NULL, 24, 1, 0, 1),
(954, 6, 15, 2, NULL, 25, 0, 0, 1),
(955, 6, 15, 2, NULL, 26, 0, 0, 1),
(956, 6, 15, 2, NULL, 27, 2, 0, 1),
(957, 6, 15, 2, NULL, 28, 0, 0, 1),
(958, 6, 15, 2, NULL, 29, 0, 0, 1),
(959, 6, 15, 2, NULL, 30, 21, 0, 1),
(960, 6, 15, 2, NULL, 31, 0, 0, 1),
(961, 6, 15, 2, NULL, 32, 0, 0, 1),
(962, 6, 16, 1, NULL, 1, 0, 0, 1),
(963, 6, 16, 1, NULL, 2, 0, 0, 1),
(964, 6, 16, 1, NULL, 3, 0, 0, 1),
(965, 6, 16, 1, NULL, 4, 0, 0, 1),
(966, 6, 16, 1, NULL, 5, 0, 0, 1),
(967, 6, 16, 1, NULL, 6, 0, 0, 1),
(968, 6, 16, 1, NULL, 7, 0, 0, 1),
(969, 6, 16, 1, NULL, 8, 0, 0, 1),
(970, 6, 16, 1, NULL, 9, 0, 0, 1),
(971, 6, 16, 1, NULL, 10, 0, 0, 1),
(972, 6, 16, 1, NULL, 11, 0, 0, 1),
(973, 6, 16, 1, NULL, 12, 0, 0, 1),
(974, 6, 16, 1, NULL, 13, 0, 0, 1),
(975, 6, 16, 1, NULL, 14, 0, 0, 1),
(976, 6, 16, 1, NULL, 15, 0, 0, 1),
(977, 6, 16, 1, NULL, 16, 0, 0, 1),
(978, 6, 16, 1, NULL, 17, 0, 0, 1),
(979, 6, 16, 1, NULL, 18, 0, 0, 1),
(980, 6, 16, 1, NULL, 19, 0, 0, 1),
(981, 6, 16, 1, NULL, 20, 0, 0, 1),
(982, 6, 16, 1, NULL, 21, 0, 0, 1),
(983, 6, 16, 1, NULL, 22, 0, 0, 1),
(984, 6, 16, 1, NULL, 23, 0, 0, 1),
(985, 6, 16, 1, NULL, 24, 0, 0, 1),
(986, 6, 16, 1, NULL, 25, 0, 0, 1),
(987, 6, 16, 1, NULL, 26, 0, 0, 1),
(988, 6, 16, 1, NULL, 27, 0, 0, 1),
(989, 6, 16, 1, NULL, 28, 0, 0, 1),
(990, 6, 16, 1, NULL, 29, 0, 0, 1),
(991, 6, 16, 1, NULL, 30, 0, 0, 1),
(992, 6, 16, 1, NULL, 31, 0, 0, 1),
(993, 6, 16, 1, NULL, 32, 0, 0, 1),
(994, 6, 16, 2, NULL, 1, 0, 0, 1),
(995, 6, 16, 2, NULL, 2, 4, 0, 1),
(996, 6, 16, 2, NULL, 3, 3, 0, 1),
(997, 6, 16, 2, NULL, 4, 0, 0, 1),
(998, 6, 16, 2, NULL, 5, 0, 0, 1),
(999, 6, 16, 2, NULL, 6, 0, 0, 1),
(1000, 6, 16, 2, NULL, 7, 0, 0, 1),
(1001, 6, 16, 2, NULL, 8, 1, 0, 1),
(1002, 6, 16, 2, NULL, 9, 0, 0, 1),
(1003, 6, 16, 2, NULL, 10, 1, 0, 1),
(1004, 6, 16, 2, NULL, 11, 1, 0, 1),
(1005, 6, 16, 2, NULL, 12, 0, 0, 1),
(1006, 6, 16, 2, NULL, 13, 0, 0, 1),
(1007, 6, 16, 2, NULL, 14, 2, 0, 1),
(1008, 6, 16, 2, NULL, 15, 1, 0, 1),
(1009, 6, 16, 2, NULL, 16, 0, 0, 1),
(1010, 6, 16, 2, NULL, 17, 0, 0, 1),
(1011, 6, 16, 2, NULL, 18, 0, 0, 1),
(1012, 6, 16, 2, NULL, 19, 0, 0, 1),
(1013, 6, 16, 2, NULL, 20, 0, 0, 1),
(1014, 6, 16, 2, NULL, 21, 0, 0, 1),
(1015, 6, 16, 2, NULL, 22, 0, 0, 1),
(1016, 6, 16, 2, NULL, 23, 0, 0, 1),
(1017, 6, 16, 2, NULL, 24, 1, 0, 1),
(1018, 6, 16, 2, NULL, 25, 0, 0, 1),
(1019, 6, 16, 2, NULL, 26, 0, 1, 1),
(1020, 6, 16, 2, NULL, 27, 21, 0, 1),
(1021, 6, 16, 2, NULL, 28, 0, 0, 1),
(1022, 6, 16, 2, NULL, 29, 0, 0, 1),
(1023, 6, 16, 2, NULL, 30, 3, 0, 1),
(1024, 6, 16, 2, NULL, 31, 0, 0, 1),
(1025, 6, 16, 2, NULL, 32, 0, 0, 1);

-- --------------------------------------------------------

--
-- Estructura de tabla para la tabla `states`
--

CREATE TABLE `states` (
  `id` int(11) NOT NULL,
  `country_id` int(11) NOT NULL,
  `name` varchar(50) NOT NULL,
  `demonym` varchar(50) NOT NULL,
  `iso_code` varchar(3) NOT NULL,
  `status` int(1) NOT NULL
) ENGINE=InnoDB DEFAULT CHARSET=utf8mb4 COLLATE=utf8mb4_general_ci;

--
-- Volcado de datos para la tabla `states`
--

INSERT INTO `states` (`id`, `country_id`, `name`, `demonym`, `iso_code`, `status`) VALUES
(1, 1, 'Aguascalientes', 'Aguascalentenses', 'AGU', 1),
(2, 1, 'Baja California', 'Bajacalifornianos', 'BCN', 1),
(3, 1, 'Baja California Sur', 'Bajacalifornianos', 'BCS', 1),
(4, 1, 'Campeche', 'Campechanos', 'CAM', 1),
(5, 1, 'Chiapas', 'Chiapasenses', 'CHP', 1),
(6, 1, 'Chihuahua', 'Chihuahuenses', 'CHH', 1),
(7, 1, 'Ciudad de México', 'Capitalinos', 'CMX', 1),
(8, 1, 'Coahuila de Zaragoza', 'Coahuilenses', 'COA', 1),
(9, 1, 'Colima', 'Colimenses', 'COL', 1),
(10, 1, 'Durango', 'Duranguenses', 'DUR', 1),
(11, 1, 'Guanajuato', 'Guanajuatenses', 'GUA', 1),
(12, 1, 'Guerrero', 'Guerrerenses', 'GRO', 1),
(13, 1, 'Hidalgo', 'Hidalguenses', 'HID', 1),
(14, 1, 'Jalisco', 'Jaliscienses', 'JAL', 1),
(15, 1, 'México', 'Mexiquenses', 'MEX', 1),
(16, 1, 'Michoacán de Ocampo', 'Michoacanos', 'MIC', 1),
(17, 1, 'Morelos', 'Morelenses', 'MOR', 1),
(18, 1, 'Nayarit', 'Nayaritas', 'NAY', 1),
(19, 1, 'Nuevo León', 'Neoleoneses', 'NLE', 1),
(20, 1, 'Oaxaca', 'Oaxaqueños', 'OAX', 1),
(21, 1, 'Puebla', 'Poblanos', 'PUE', 1),
(22, 1, 'Querétaro', 'Queretanos', 'QUE', 1),
(23, 1, 'Quintana Roo', 'Quintanarroenses', 'ROO', 1),
(24, 1, 'San Luis Potosí', 'Potosinos', 'SLP', 1),
(25, 1, 'Sinaloa', 'Sinaloenses', 'SIN', 1),
(26, 1, 'Sonora', 'Sonorenses', 'SON', 1),
(27, 1, 'Tabasco', 'Tabasqueños', 'TAB', 1),
(28, 1, 'Tamaulipas', 'Tamaulipecos', 'TAM', 1),
(29, 1, 'Tlaxcala', 'Tlaxcaltecas', 'TLA', 1),
(30, 1, 'Veracruz de Ignacio de la Llave', 'Veracruzanos', 'VER', 1),
(31, 1, 'Yucatán', 'Yucatecos', 'YUC', 1),
(32, 1, 'Zacatecas', 'Zacatecanos', 'ZAC', 1);

-- --------------------------------------------------------

--
-- Estructura de tabla para la tabla `years`
--

CREATE TABLE `years` (
  `id` int(11) NOT NULL,
  `name` varchar(4) NOT NULL,
  `status` int(1) NOT NULL
) ENGINE=InnoDB DEFAULT CHARSET=utf8mb4 COLLATE=utf8mb4_general_ci;

--
-- Volcado de datos para la tabla `years`
--

INSERT INTO `years` (`id`, `name`, `status`) VALUES
(1, '2000', 1),
(2, '2001', 1),
(3, '2002', 1),
(4, '2003', 1),
(5, '2004', 1),
(6, '2005', 1),
(7, '2006', 1),
(8, '2007', 1),
(9, '2008', 1),
(10, '2009', 1),
(11, '2010', 1),
(12, '2011', 1),
(13, '2012', 1),
(14, '2013', 1),
(15, '2014', 1),
(16, '2015', 1),
(17, '2016', 1),
(18, '2017', 1),
(19, '2018', 1),
(20, '2019', 1),
(21, '2020', 1),
(22, '2021', 1),
(23, '2022', 1),
(24, '2023', 1),
(25, '2024', 1),
(26, '2025', 1);

--
-- Índices para tablas volcadas
--

--
-- Indices de la tabla `centers`
--
ALTER TABLE `centers`
  ADD PRIMARY KEY (`id`),
  ADD KEY `state_id` (`state_id`);

--
-- Indices de la tabla `countries`
--
ALTER TABLE `countries`
  ADD PRIMARY KEY (`id`);

--
-- Indices de la tabla `genders`
--
ALTER TABLE `genders`
  ADD PRIMARY KEY (`id`);

--
-- Indices de la tabla `indicators`
--
ALTER TABLE `indicators`
  ADD PRIMARY KEY (`id`);

--
-- Indices de la tabla `indicator_categories`
--
ALTER TABLE `indicator_categories`
  ADD PRIMARY KEY (`id`),
  ADD KEY `parent_id` (`parent_id`),
  ADD KEY `center_id` (`center_id`),
  ADD KEY `indicator_id` (`indicator_id`);

--
-- Indices de la tabla `indicator_categories_v1`
--
ALTER TABLE `indicator_categories_v1`
  ADD PRIMARY KEY (`id`),
  ADD KEY `indicator_id` (`indicator_id`);

--
-- Indices de la tabla `indicator_category_details`
--
ALTER TABLE `indicator_category_details`
  ADD PRIMARY KEY (`id`),
  ADD KEY `indicator_category_id` (`category_id`),
  ADD KEY `year_id` (`year_id`),
  ADD KEY `gender_id` (`gender_id`),
  ADD KEY `center_id` (`center_id`),
  ADD KEY `state_id` (`state_id`);

--
-- Indices de la tabla `states`
--
ALTER TABLE `states`
  ADD PRIMARY KEY (`id`),
  ADD KEY `country_id` (`country_id`);

--
-- Indices de la tabla `years`
--
ALTER TABLE `years`
  ADD PRIMARY KEY (`id`);

--
-- AUTO_INCREMENT de las tablas volcadas
--

--
-- AUTO_INCREMENT de la tabla `centers`
--
ALTER TABLE `centers`
  MODIFY `id` int(11) NOT NULL AUTO_INCREMENT, AUTO_INCREMENT=21;

--
-- AUTO_INCREMENT de la tabla `countries`
--
ALTER TABLE `countries`
  MODIFY `id` int(11) NOT NULL AUTO_INCREMENT, AUTO_INCREMENT=36;

--
-- AUTO_INCREMENT de la tabla `genders`
--
ALTER TABLE `genders`
  MODIFY `id` int(11) NOT NULL AUTO_INCREMENT, AUTO_INCREMENT=6;

--
-- AUTO_INCREMENT de la tabla `indicators`
--
ALTER TABLE `indicators`
  MODIFY `id` int(11) NOT NULL AUTO_INCREMENT, AUTO_INCREMENT=10;

--
-- AUTO_INCREMENT de la tabla `indicator_categories`
--
ALTER TABLE `indicator_categories`
  MODIFY `id` int(11) NOT NULL AUTO_INCREMENT, AUTO_INCREMENT=13;

--
-- AUTO_INCREMENT de la tabla `indicator_categories_v1`
--
ALTER TABLE `indicator_categories_v1`
  MODIFY `id` int(11) NOT NULL AUTO_INCREMENT, AUTO_INCREMENT=18;

--
-- AUTO_INCREMENT de la tabla `indicator_category_details`
--
ALTER TABLE `indicator_category_details`
  MODIFY `id` int(11) NOT NULL AUTO_INCREMENT, AUTO_INCREMENT=1026;

--
-- AUTO_INCREMENT de la tabla `states`
--
ALTER TABLE `states`
  MODIFY `id` int(11) NOT NULL AUTO_INCREMENT, AUTO_INCREMENT=33;

--
-- AUTO_INCREMENT de la tabla `years`
--
ALTER TABLE `years`
  MODIFY `id` int(11) NOT NULL AUTO_INCREMENT, AUTO_INCREMENT=27;

--
-- Restricciones para tablas volcadas
--

--
-- Filtros para la tabla `centers`
--
ALTER TABLE `centers`
  ADD CONSTRAINT `centers_ibfk_1` FOREIGN KEY (`state_id`) REFERENCES `states` (`id`) ON UPDATE CASCADE;

--
-- Filtros para la tabla `indicator_categories`
--
ALTER TABLE `indicator_categories`
  ADD CONSTRAINT `indicator_categories_ibfk_1` FOREIGN KEY (`parent_id`) REFERENCES `indicator_categories` (`id`),
  ADD CONSTRAINT `indicator_categories_ibfk_2` FOREIGN KEY (`indicator_id`) REFERENCES `indicators` (`id`) ON UPDATE CASCADE;

--
-- Filtros para la tabla `indicator_category_details`
--
ALTER TABLE `indicator_category_details`
  ADD CONSTRAINT `indicator_category_details_ibfk_1` FOREIGN KEY (`center_id`) REFERENCES `centers` (`id`) ON UPDATE CASCADE,
  ADD CONSTRAINT `indicator_category_details_ibfk_3` FOREIGN KEY (`year_id`) REFERENCES `years` (`id`) ON UPDATE CASCADE,
  ADD CONSTRAINT `indicator_category_details_ibfk_4` FOREIGN KEY (`gender_id`) REFERENCES `genders` (`id`) ON UPDATE CASCADE,
  ADD CONSTRAINT `indicator_category_details_ibfk_5` FOREIGN KEY (`state_id`) REFERENCES `states` (`id`) ON UPDATE CASCADE,
  ADD CONSTRAINT `indicator_category_details_ibfk_6` FOREIGN KEY (`category_id`) REFERENCES `indicator_categories` (`id`) ON UPDATE CASCADE;

--
-- Filtros para la tabla `states`
--
ALTER TABLE `states`
  ADD CONSTRAINT `states_ibfk_1` FOREIGN KEY (`country_id`) REFERENCES `countries` (`id`) ON UPDATE CASCADE;
COMMIT;

/*!40101 SET CHARACTER_SET_CLIENT=@OLD_CHARACTER_SET_CLIENT */;
/*!40101 SET CHARACTER_SET_RESULTS=@OLD_CHARACTER_SET_RESULTS */;
/*!40101 SET COLLATION_CONNECTION=@OLD_COLLATION_CONNECTION */;
